Products,Sales
Canon imageCLASS 2200 Advanced Copier,30099.914
GBC Ibimaster 500 Manual ProClick Binding System,16437.168
"HP Designjet T520 Inkjet Large Format Printer - 24"" Color",15749.91
HON 5400 Series Task Chairs for Big and Tall,15631.854
GBC DocuBind P400 Electric Binding System,9254.732
Global Troy Executive Leather Low-Back Tilter,9117.836
"3D Systems Cube Printer, 2nd Generation, Magenta",9099.93
Samsung Galaxy Mega 6.3,9071.784
"Riverside Palais Royal Lawyers Bookcase, Royale Cherry Finish",8985.996
Fellowes PB500 Electric Punch Plastic Comb Binding Machine with Manual Bind,8642.732
